0.31734674792435114,0.6641671622783517,-0.8816579726662545
0.3167392999032056,0.6672479707173706,-0.7666561707378022
0.3161431795499385,0.670371313108692,-0.648211356451311
0.31555840472496344,0.6735383162461318,-0.5262047203532699
0.3149849994269795,0.6767501401558561,-0.4005123613598387
0.314422993816615,0.680007979568713,-0.27100502715187097
0.3138724242515756,0.6833130654607988,-0.1375478390075112
0.31333333333333346,0.6866666666666665,-4.411502467527787e-15
0.3128057699654441,0.690070091569848,0.14178551459535677
0.3122897894236212,0.6935246898756887,0.2879622859331761
0.3117854534377464,0.6970318544718059,0.4386908006161168
0.31129283028604027,0.7005930233818559,0.5941388215554767
0.3108119949016657,0.7042096818186826,0.7544817822487773
0.31034302899208677,0.7078833643433433,0.9199032061781229
0.3098860211715563,0.711615657136973,1.0905951531744429
0.3202663010756529,0.6616427575118808,-0.8620603340710156
0.3196500761396107,0.6646808300694849,-0.7494709916605448
0.3190451447274935,0.6677599209181735,-0.6335574293914276
0.31845151749001227,0.6708811088613793,-0.5142066678150241
0.3178692111527481,0.6740455037589089,-0.39130095856008434
0.3172982485251968,0.6772542478961311,-0.2647175449369326
0.316738658521162,0.6805085174148049,-0.13432840841276816
0.3161904761904763,0.6838095238095236,-4.314186262014554e-15
0.3156537427620744,0.6871585154939899,0.13840704447410254
0.3151285056984894,0.69055677944161,0.2810382063289594
0.31461481876188546,0.6940056429051855,0.4280454044229692
0.3141127420917883,0.6975064752207847,0.5795873352713768
0.31362234229471847,0.701060689701237,0.7358298342882981
0.31314369254598007,0.7046697456250435,0.8969462596640143
0.31267687270390665,0.7083351503269131,1.0631179005120834
0.3231858149849856,0.6591079118796398,-0.8430479060720465
0.32256079739499577,0.6621045586831712,-0.7328040636198676
0.32194704614213765,0.6651407636900469,-0.6193498394881374
0.3213445647447624,0.6682175605083248,-0.5025777524410563
0.3207533627498734,0.6713360117667366,-0.38237585208866226
0.3201734557278347,0.6744972103898808,-0.2586274979695856
0.319604865278348,0.6777022809290625,-0.1312111257954286
0.31904761904761914,0.6809523809523808,-4.219316897170165e-15
0.3185017507566801,0.6842487024978735,0.1351380483284503
0.3179673002408773,0.6875924735937627,0.27434089912464077
0.31744431350058216,0.6909849598500998,0.41775243770246395
0.3169328427632206,0.6944274661263795,0.5655228669428437
0.3164329465567672,0.6979213382799921,0.7178090385565719
0.31594468979488943,0.7014679650007061,0.8747748047642979
0.3154681438739767,0.705068779736724,1.0365913918433456
0.32610531960406475,0.6565629624235355,-0.8246006323116891
0.32547148953377286,0.6595194548286354,-0.7166373495604998
0.3248489055368318,0.6625140980886303,-0.6055728125009451
0.3242375640591231,0.6655478832481514,-0.4913047274811854
0.3236374675458508,0.668621828465709,-0.37372661033256804
0.3230486244220913,0.6717369802032511,-0.25272758236106957
0.32247104908460317,0.6748944144659147,-0.12819215466331524
0.321904761904762,0.678095238095238,-4.126822198280222e-15
0.3213497892425286,0.6813405901192855,0.1319742885975601
0.3208061634714032,0.6846316431633431,0.267861453374569
0.3202739230143643,0.6879696049250567,0.4077978425075139
0.3197531123908313,0.6913557197181271,0.5519256968939673
0.31924378227473504,0.6947912700889403,0.7003934541843283
0.31874598956382266,0.6982775785107809,0.8533560712487138
0.3182597974603661,0.7018160091605958,1.010975366366436
0.32902484498792695,0.6540082310843758,-0.8066992795960601
0.32838217846696927,0.6569258033326433,-0.7009535662557425
0.32775074465791637,0.659880169137417,-0.5922112453843111
0.3271305329768322,0.6628722794607893,-0.4803749199400867
0.32652153882644497,0.6659031105903748,-0.3653432615242258
0.32592376356262825,0.6689736652508921,-0.24701082185561518
0.3253372144722089,0.6720849737609617,-0.1252678336191612
0.32476190476190486,0.6752380952380951,-4.036632607234814e-15
0.32419785355824676,0.678434118855014,0.12891172783429686
0.323645085918379,0.6816741651506137,0.2615913860965631
0.3231036328516819,0.6849593873990736,0.3981682474398911
0.32257353135219885,0.6882909730408273,0.5387770846312903
0.3220548244418943,0.6916701451793325,0.683558449825521
0.3215475612248117,0.6950981641478196,0.8326589705012424
0.3210517969522409,0.6985763291504742,0.9862316632041103
0.3319444213376743,0.651444025398534,-0.7893254006413795
0.33129289018916425,0.6543238762090523,-0.68573614926969
0.3306525852862762,0.6572392107739446,-0.579250674281092
0.33002348904080725,0.6601909423137245,-0.4697762025338258
0.32940558985510127,0.6631800076948569,-0.35721627072394796
0.3287988820744712,0.6662073684703924,-0.24147055104860657
0.32820336595108307,0.6692740119612621,-0.12243466718951677
0.32761904761904775,0.6723809523809522,-3.9486810681637384e-15
0.32704593908051693,0.675529232006426,0.12594651776573185
0.32648405820262266,0.6787199223983007,0.2555226183908321
0.32593342872514675,0.6819541256734618,0.38885092856352826
0.3253940802788488,0.6852329758334706,0.5260592119930292
0.32486604841442385,0.6885576401523223,0.6672806261537093
0.3243493746421016,0.6919293206273219,0.8126539941040606
0.32384410648194195,0.6953492554970789,0.9623240923992605
0.33486407904404625,0.6488706391535309,-0.77246129872924
0.3342036508159746,0.6517139332518916,-0.6709692197726647
0.33355444926882827,0.6545914463714464,-0.5666772442601302
0.3329164498186421,0.6575040562025024,-0.4594969672182668
0.3322896338923821,0.6604526625016215,-0.3493365181275069
0.3316739888662324,0.6634381880677716,-0.23610039959589027
0.33106950801555257,0.666461579754953,-0.11968931720869282
0.3304761904761906,0.6695238095238093,-7.709780701253021e-15
0.32989404121689,0.6726258755348329,0.12307498904672823
0.32932307102257435,0.6757688032859238,0.2496474531053348
0.3287632964883406,0.6789536467971881,0.3798337729026513
0.3282147400240343,0.6821814898460271,0.5137551301354161
0.3276774298693251,0.6854534472557374,0.6515377436944113
0.32715140011923954,0.6887706662410216,0.7933131195401486
0.32663669076015134,0.6921343278140182,0.9392183151381248
0.3377838487319518,0.64628835300493,-0.7560899941693089
0.3371144866222021,0.6490962225932277,-0.6566375531061591
0.33645635855042405,0.6519370892293138,-0.5544776806958801
0.33580943292832743,0.654811797164696,-0.44952610019360284
0.3351736842154861,0.6577212112290671,-0.3416952786151784
0.33454909284333134,0.660666217747931,-0.2308942773494965
0.33393564515109586,0.6636477254928562,-0.11702859472031986
0.3333333333333334,0.6666666666666665,-3.779235788819966e-15
0.33274215539869195,0.669723997925977,0.12029364165753317
0.3321621151396669,0.6728207014435956,0.24395855393498156
0.3315932221131104,0.6759577860134324,0.3711052443321133
0.33103549163131474,0.6791362882006924,0.5018487100637369
0.3304889447635352,0.6823572735402771,0.6363086555779023
0.32995360834785653,0.6856218377864748,0.7746097224485831
0.32942951501334927,0.688931108217203,0.9168817324527532
0.3407037613061034,0.6436974350567652,-0.740195192473795
0.3400254240807613,0.6464709812278855,-0.6427265490000096
0.33935833520626724,0.6492763430342484,-0.542639262194726
0.3387024560642724,0.6521143332689695,-0.43985295829583215
0.33805775413791095,0.654985783899258,-0.33428420246462237
0.33742420292125475,0.657891546931031,-0.22584636035990382
0.3368017818410759,0.660832495302592,-0.11444945236216862
0.3361904761904763,0.6638095238095236,-3.697619500013807e-15
0.3355902770740006,0.6668235500630145,0.1175991358998783
0.335001181363901,0.6698755154839454,0.23844892585120872
0.3344231916672724,0.6729663863351544,0.36265435168340626
0.33385631630382273,0.6760971547944203,0.49032459644054155
0.3333005692940876,0.6792688400708307,0.6215732448331261
0.3327559703579434,0.6824824895673349,0.756518494916955
0.3322225449233117,0.6857391800924387,0.8952833817224553
0.3436238479978989,0.6410981414075615,-0.7247612541533709
0.34293648990251013,0.6438384355069457,-0.6292222033503307
0.3422604014749454,0.6466094022938426,-0.5311497949785925
0.34159553702370915,0.6494118249807492,-0.43046734669194053
0.34094185702931984,0.6522465046270414,-0.3270952971550908
0.3402993280388961,0.6551142609556813,-0.22095107768921507
0.3396679225734843,0.6580159331956894,-0.11194897720213168
0.33904761904761915,0.6609523809523808,-3.617995976000465e-15
0.33843840170066936,0.6639244851074338,0.11498828395011411
0.3378402605395769,0.6669331487509387,0.23311189676714453
0.33725319129264836,0.6699792981476586,0.35447061890445264
0.3366771953741088,0.6730638837398344,0.4791681644263775
0.3361122798591729,0.6761878811889728,0.6073123658765124
0.33555845746943375,0.6793522924591723,0.7390153693412163
0.33501574656841127,0.6825581469446771,0.8743938403552044
0.3465441404137079,0.6384907166638482,-0.7097731660496238
0.3458477110771143,0.641198801601794,-0.6161110814724399
0.34516257979218384,0.6439364527441942,-0.5199975886423926
0.34448869373356256,0.6467044255058999,-0.42135949780114157
0.3438260063356745,0.6495034918916778,-0.3201209101959088
0.34317447717201816,0.6523344412697695,-0.2162030989837278
0.34253407184771956,0.6551980811681316,-0.1095243839960127
0.34190476190476204,0.658095238095238,-3.5403091531745048e-15
0.34128652473937654,0.6610267583873777,0.11245804193071929
0.3406793435311371,0.6639935090844474,0.2279411003507244
0.3400832071833602,0.6669963788363062,0.3465440571245698
0.33949811027446075,0.6700362788418444,0.4683654793286667
0.33892405301996315,0.6731141438230079,0.5935077898787777
0.33836104124491556,0.6762309330361223,0.7220774474238472
0.33780908636649737,0.6793876313229658,0.8541851360851419
0.3494646705847293,0.6358753944229305,-0.6952165141238997
0.34875911491508205,0.6385522859403637,-0.6033802927482018
0.34806489282543035,0.6412576717330494,-0.5091714332069216
0.34738194427787317,0.6439922811136983,-0.41252005136971204
0.346710215599699,0.646756858792043,-0.31335371291642167
0.3460496593468791,0.6495521656096889,-0.21159732275787624
0.3454002341814181,0.6523789792947564,-0.10717300883951834
0.3447619047619049,0.6552380952380951,-3.4645048974295876e-15
0.3441346416466764,0.6581303272928897,0.11000550246483594
0.3435184212090717,0.6610565085995306,0.22293045990555022
0.3429132255643116,0.6640174924376776,0.33886513848809685
0.34231904250759637,0.6670141531075109,0.4579032588532104
0.34173586546306406,0.6700473868422421,0.5801421537199887
0.34116369344330116,0.6731181127540411,0.7056829339187726
0.3406025310191437,0.6762272738156285,0.8346306633720645
0.3523854710185958,0.6332523977265458,-0.6810774576271532
0.3516707290911132,0.6358990856170925,-0.591017466592187
0.35096736350938873,0.6385732285798422,-0.4986605773942038
0.3502753069258628,0.6412755314402995,-0.4039400356317902
0.34959449848174007,0.6440067132863688,-0.30678668515921387
0.34892488365406793,0.6467675081686647,-0.20712886534517325
0.34826641411736314,0.6495586658178856,-0.10489230318926536
0.3476190476190477,0.6523809523809523,-3.390530924802086e-15
0.3469827478680312,0.6552351511776376,0.10762788768106239
0.3463574844358425,0.658122063479455,0.21807417324526857
0.3457432326697836,0.6610425093126131,0.33142477163118383
0.3451399736176303,0.6639973282869003,0.44776883776963794
0.3445476939634674,0.6669873804524246,0.5671989122673738
0.34396638597428997,0.6700135471862019,0.68981107476488
0.3433960474570574,0.6730767321106678,0.8157051054336805
0.3553065747529132,0.6306219394869056,-0.6673427045798291
0.35458258168891693,0.6332393887779953,-0.5790107296656881
0.3538700150826221,0.6358832849139084,-0.4884547080566253
0.3531688001607375,0.6385543097737996,-0.3956108494929982
0.35247886878109425,0.6412531584174237,-0.30041310082225303
0.3518001592625935,0.6439805397548313,-0.202793050474736
0.3511326162304911,0.6467371772305385,-0.10267982822916866
0.3504761904761906,0.6495238095238094,-3.318336726028888e-15
0.34983083883079996,0.6523411912667042,0.10532254263828222
0.34919652405177876,0.6551900937815718,0.21336669849328949
0.34857321472207586,0.6580713058396965,0.3242142786862863
0.3479608851612186,0.6609856344428505,0.4379501348175535
0.34735951534787524,0.663933905629552,0.5546622937325297
0.346769090853467,0.6669169653078834,0.6744420992802729
0.34618960278645683,0.6699356801167935,0.7973843614820031
0.3582280154109372,0.6279842228865085,-0.6539994884950011
0.3574947012476612,0.6305733749821464,-0.5673486842720219
0.35677287112535694,0.6331879949920415,-0.4785439306958424
0.356062442709328,0.6358287433219141,-0.3875242456779461
0.35536334045787255,0.6384962925239607,-0.2942265141993964
0.3546754954342735,0.641191327939656,-0.1985853994349897
0.35399884513502006,0.6439145483545516,-0.10053324956041884
0.35333333333333344,0.6466666666666665,-3.2478734947995483e-15
0.3526789099371633,0.6494484105700637,0.10308692914259543
0.3520355308608993,0.6522605232552245,0.20880274074478153
0.35140315791012233,0.655103764127848,0.31722537370806514
0.35078175867878464,0.6579789095477346,0.4284356216941565
0.3501713064582747,0.6608867535894511,0.5425172578847699
0.3495717801578819,0.6638281088265098,0.6595571661172848
0.34898316423622805,0.6668038071408584,0.779645478771956
