0.301053949666298,0.6589904262315134,-1.86335451543924
0.29981131524734306,0.665185929081907,-1.6457627978636018
0.2986145998201708,0.671567973575652,-1.4139266678342475
0.2974640822247746,0.6781469884974709,-1.166779603329691
0.2963601472182439,0.6849340864450658,-0.9031549687019167
0.29530328800842626,0.6919411283974107,-0.6217747388405314
0.29429410964810326,0.6991807951637511,-0.32123671529365927
0.29333333333333345,0.7066666666666666,-5.167898644276951e-15
0.2924218016649593,0.7144133101582273,0.3436315496391936
0.2915604849490418,0.7224363786411766,0.7115282110671457
0.2907504886306781,0.7307527209727722,1.1057560198998444
0.2899930619768573,0.7393805053743359,1.5286015877734012
0.2892896081483991,0.7483393583632734,1.9826006660946676
0.28864169582942784,0.7576505214770989,2.4705711169299818
0.288051072616269,0.7673370285842801,2.9956510870953568
0.3070146007157632,0.6547298633260152,-1.7823990879108542
0.3057382305089503,0.6607608414032863,-1.5730267167802223
0.30450749794169024,0.6669656001854299,-1.3503355591365322
0.30332256279956477,0.6733536861713927,-1.113359547018664
0.30218368744037255,0.6799352442413235,-0.8610447381704238
0.30109123827835926,0.6867210731464283,-0.5922397382927582
0.3000456880730879,0.6937226866309464,-0.3056848839454668
0.2990476190476192,0.7009523809523807,-9.991921539147074e-15
0.29809772687430197,0.7084233096774023,0.32632948661444916
0.2971968255809186,0.7161495667625054,0.6749683335952432
0.296345853445597,0.7241462790844745,1.0477494732704078
0.29554587996625437,0.7324297097709523,1.4466945644187872
0.29479811400990164,0.7410173739018756,1.8740375316250215
0.2941039132695258,0.7499281684158393,2.332251599470597
0.2934647951822216,0.7591825183708467,2.8240804282653613
0.3129749413862369,0.6503810153692771,-1.7059889484230957
0.3116645374710315,0.6562568490128596,-1.504461593492138
0.31039959730085803,0.6622945973972179,-1.2904703914386717
0.30918016437830015,0.6685030223643859,-1.0631389746010433
0.3080063825987801,0.6748914094983283,-0.8215136838919039
0.30687849674540413,0.6814696160523603,-0.5645554114638733
0.3057968537548558,0.6882481234869168,-0.29113042139343326
0.30476190476190484,0.6952380952380951,-4.718895706799145e-15
0.30377420794274174,0.7024514404224332,0.31019123737007326
0.30283443219028416,0.7099008842838026,0.6409285857448836
0.30194336166819374,0.7176000463069464,0.993842273937813
0.301101901304975,0.7255635270625301,1.370724551900084
0.3003110833056253,0.7338070050148833,1.7735491725301806
0.2995720747763341,0.7423473447211714,2.204493659438172
0.29888618657825333,0.7512027180860873,2.665964825958656
0.31893541732530156,0.6459494037115285,-1.633841822503022
0.3175906240955307,0.6516790036566662,-1.4397993397226865
0.316291228121785,0.6575594620312011,-1.2340834020295668
0.31503715829360035,0.6635988428161568,-1.0158978561736292
0.3138284428314864,0.6698056682427841,-0.784378428736853
0.31266520882825605,0.6761889604211261,-0.538585760278716
0.31154768254827814,0.6827582867369065,-0.27749759397874535
0.31047619047619057,0.6895238095238093,-8.81049003915748e-15
0.3094511611188934,0.6964963405829854,0.29512250239640647
0.308473127576744,0.7036874011982224,0.6091980856615008
0.30754273091216094,0.7111092883855605,0.9436802053076083
0.30666072435663577,0.7187751482227814,1.3001618614753725
0.305827978410819,0.7266990572300988,1.6803917886825148
0.3050454869072662,0.7348961129223367,2.086292877588998
0.30431437412203666,0.7433825348294262,2.5199831877604018
0.3248964818441162,0.6414400823247624,-1.5656953700522145
0.3235168823541248,0.6470319241396626,-1.3787916847002635
0.3221827217739099,0.6527643002367932,-1.1809459659724046
0.3208938149621493,0.658644654187008,-0.97143389330554
0.3196500761396108,0.6646808300694849,-0.7494709916605485
0.31845151749001227,0.6708811088613793,-0.5142066678150241
0.3172982485251968,0.6772542478961309,-0.264717544936939
0.3161904761904763,0.6838095238095236,-4.314186262014554e-15
0.3151285056984894,0.69055677944161,0.2810382063289594
0.3141127420917883,0.6975064752207847,0.5795873352713768
0.31314369254598007,0.7046697456250435,0.8969462596640143
0.3122219694369128,0.7120584613965663,1.2345344110551315
0.3113482942074518,0.7196852982813122,1.5939052865344145
0.3105235020821504,0.7275638131780257,1.9767617523711905
0.30974854769195387,0.7357085287140824,2.3849734230080037
0.3308585983262822,0.6368576773686596,-1.501305777829793
0.3294437102871965,0.6423198342899462,-1.3212086540641366
0.32807441251692876,0.6479128629140508,-1.1308470160159532
0.3267504053320451,0.6536436558001162,-0.9295609569366391
0.32547148953377286,0.6595194548286354,-0.7166373495605034
0.3242375640591231,0.6655478832481513,-0.4913047274811912
0.32304862442209137,0.6717369802032509,-0.2527275823610787
0.321904761904762,0.6780952380952378,-1.0940783599762819e-14
0.3208061634714032,0.684631643163343,0.26786145337456563
0.3197531123908313,0.691355719718127,0.5519256968939636
0.31874598956382266,0.6982775785107808,0.8533560712487099
0.31778527556348957,0.7054079697835967,1.17342038252766
0.31687155340763873,0.712758341619432,1.5135022132227371
0.3160055120934877,0.7203409042934341,1.875113686340743
0.3151879509370445,0.7281687014308879,2.259909899942299
0.33682224284325607,0.6322064224512449,-1.4404464479497605
0.33537151420109157,0.6375465967396949,-1.266837169174436
0.3339666393286719,0.6430085771700076,-1.0835916024421766
0.3326072023699005,0.6485987677652558,-0.8901076766078553
0.33129289018916425,0.6543238762090521,-0.6857361492696951
0.33002348904080725,0.6601909423137245,-0.4697762025338258
0.3287988820744713,0.6662073684703923,-0.24147055104861273
0.32761904761904775,0.6723809523809522,-3.9486810681637384e-15
0.32648405820262266,0.6787199223983006,0.25552261839082885
0.3253940802788488,0.6852329758334706,0.5260592119930292
0.3243493746421016,0.6919293206273219,0.8126539941040569
0.3233502975249209,0.6988187208308705,1.1164419561943897
0.32239730238195474,0.7059115463932719,1.4386583744094028
0.321490942375188,0.7132188278212434,1.7806494963919262
0.3206318735859641,0.7207523163498751,2.1438845788673753
0.34278790701011314,0.627490190008553,-1.3829067796052532
0.34130071103003345,0.6327157429615367,-1.2154797594937379
0.3398597478367452,0.6380545742486987,-1.0389995813400599
0.33846448260421685,0.6435126559038801,-0.8529161661932781
0.3371144866222021,0.6490962225932277,-0.6566375531061591
0.33580943292832743,0.654811797164696,-0.44952610019360284
0.33454909284333134,0.660666217747931,-0.2308942773494965
0.3333333333333334,0.6666666666666665,-3.779235788819966e-15
0.3321621151396669,0.6728207014435956,0.24395855393498156
0.33103549163131474,0.6791362882006924,0.5018487100637369
0.32995360834785653,0.6856218377864748,0.7746097224485831
0.32891670321250266,0.6922862449962462,1.0632599447020799
0.32792510740561687,0.6991389312926256,1.3689048477842347
0.3269792468994445,0.7061898914825648,1.692746000579103
0.326079644664844,0.7134497448646843,2.036091147602161
0.34875610112235206,0.6227125191700058,-1.3284910405243862
0.347231730893813,0.6278304999397039,-1.1669533807365118
0.3457540923778355,0.6330537143137593,-0.9969044205720128
0.3443225277433482,0.6383877538371856,-0.8178408727615907
0.34293648990251013,0.6438384355069456,-0.6292222033503359
0.34159553702370915,0.6494118249807492,-0.43046734669194053
0.3402993280388961,0.6551142609556811,-0.2209510776892204
0.33904761904761915,0.6609523809523808,-3.617995976000465e-15
0.33784026053957694,0.6669331487509386,0.23311189676714156
0.3366771953741088,0.6730638837398344,0.4791681644263775
0.33555845746943375,0.6793522924591722,0.7390153693412129
0.3344841711671444,0.6858065026444848,1.0135691813424725
0.3334545512489024,0.6924351001078499,1.3038211587783604
0.33246990359280953,0.6992471688296273,1.6108463220579132
0.3315306264668804,0.7062523346774746,1.9358116221050239
0.3547273576225081,0.6178766404239695,-1.2770173242535194
0.35316501988794063,0.6228938138024445,-1.121088331682176
0.35165003821221974,0.6280086084098917,-0.9571521135066863
0.350181626388558,0.6332262825482518,-0.7847475365443392
0.3487591149150821,0.6385522859403636,-0.6033802927482043
0.3473819442778732,0.6439922811136982,-0.41252005136971687
0.3460496593468791,0.6495521656096888,-0.2115973227578786
0.3447619047619049,0.655238095238095,-8.475398219309493e-15
0.3435184212090717,0.6610565085995306,0.22293045990555022
0.34231904250759637,0.6670141531075109,0.4579032588532104
0.34116369344330116,0.6731181127540411,0.7056829339187726
0.34005238829954976,0.6793758378798865,0.9670945435783218
0.3389852300488504,0.6857951772324442,1.2430294283418089
0.3379624101795889,0.6923844126209151,1.5344516196221454
0.3369842091426192,0.6991522965107023,1.8424049815282346
0.3607022349549711,0.6129854973500427,-1.228316589184716
0.3591010431495606,0.6179083706946266,-1.0777272628673045
0.3575479639253755,0.6229216378829944,-0.9196001914049372
0.35604207586533354,0.6280302676852331,-0.7535122512314179
0.35458258168891693,0.6332393887779952,-0.5790107296656924
0.3531688001607375,0.6385543097737996,-0.3956108494929982
0.35180015926259356,0.6439805397548312,-0.20279305047474053
0.3504761904761906,0.6495238095238094,-3.318336726028888e-15
0.3491965240517788,0.6551900937815717,0.2133666984932848
0.3479608851612186,0.6609856344428505,0.4379501348175535
0.346769090853467,0.6669169653078832,0.6744420992802699
0.3456210477469903,0.6729909383178748,0.9235875135558248
0.3445167504078072,0.6792147516368544,1.1861893371634171
0.3434562803742675,0.6855959798213161,1.4631140088144499
0.34243980580070316,0.692142606362394,1.7552974903344243
0.3666813218790108,0.6080417656400304,-1.1822317752430354
0.3650402882503818,0.612876615126252,-1.0367242707776867
0.3634482640538333,0.6177949714972537,-0.8841168261466735
0.3619041841993792,0.6228015548338289,-0.7240206149541424
0.3604071168102278,0.6279012155407617,-0.5560203878706876
0.35895625357267125,0.6330989534632131,-0.37967231478656605
0.357550901538473,0.6383999371972653,-0.19450162178881322
0.35619047619047634,0.6438095238095235,-7.401808445830163e-15
0.3548744956166148,0.6493332791709376,0.20437723953291032
0.3536025756657332,0.6549769991054607,0.41921429397691
0.35237442598195823,0.660746731554257,0.6451383127028754
0.351189846833858,0.6666487999604378,0.882823194255724
0.3500487266711098,0.6726898280875679,1.1329937783845099
0.34895104035550745,0.6788767664973596,1.3964304809180446
0.34789684802541726,0.6852169209280963,1.6739744258579403
0.3726652423241673,0.6030478695872025,-1.1386169942891144
0.37098326897753103,0.6078007659926918,-0.9979440716254318
0.36935135197877944,0.612630580450041,-0.8505800157662633
0.3677682722676851,0.6175418229528884,-0.6961669633591265
0.36623295494059616,0.6225391056133244,-0.5343234321158957
0.36474445780977055,0.6276271612930793,-0.36464243384342915
0.36330196165091,0.6328108621169336,-0.18668941418834964
0.361904761904762,0.6380952380952379,-3.0464056770130813e-15
0.36055226164143395,0.6434854960650941,0.195922467042831
0.3592439656307385,0.6489870391485464,0.40160963448549686
0.3579794753902494,0.6546054869200906,0.617631107743165
0.35675848510615166,0.6603466964742839,0.8445977136529123
0.3555807783414868,0.6662167845867719,1.0831650931501313
0.3544462254628407,0.6722221511683796,1.3340376617715717
0.3533547817305646,0.6783695042219141,1.597972981846316
0.3786546608895576,0.5980059961822949,-1.097336790545541
0.3769305295750339,0.6026828304249049,-0.9612612493041811
0.37525766313868475,0.6074302514511277,-0.8188768460174066
0.37363467615994433,0.6122525961361539,-0.6698536771311683
0.3720603404632576,0.6171542761034866,-0.5138407117569294
0.3705335715968236,0.6221397963002847,-0.3504641355750715
0.36905341729280533,0.6272137731284451,-0.17932554848682275
0.3676190476190478,0.6323809523809522,-6.416852600729672e-15
0.3662297465859645,0.6376462272068449,0.1879661554433439
0.3648849050153153,0.643014656309461,0.38505760303490244
0.3635840145124698,0.648491482570052,0.5917926342485001
0.3623266624122373,0.6540821522814381,0.8087259604447069
0.3611125275918137,0.6597923351733505,1.0364518013895856
0.35994137706392587,0.6656279454120587,1.2756072801794003
0.3588130632796767,0.6715951637614274,1.5268761601162
0.38465028911021026,0.592918106913565,-1.0582654677060812
0.3828826495331601,0.5975246155917292,-0.9265595726559781
0.38116765862176294,0.6021955980006645,-0.7889028219150527
0.3795037497915601,0.606935253835077,-0.6449905571979561
0.37788952928418296,0.6117478304568613,-0.4944992155844156
0.3763237602035934,0.6166376418621001,-0.33708486974365526
0.3748053488988629,0.6216090868483249,-0.17238164504997272
0.37333333333333346,0.6266666666666665,-2.7993257870304487e-15
0.3719068731478271,0.6318150024065342,0.18047514503290274
0.3705252411795553,0.6370588523329639,0.3694864472715357
0.36918781624170277,0.6424031293768184,0.5675063676460426
0.3678940770037118,0.6478529189642024,0.775039604076945
0.36664359684088493,0.653413497362733,0.9926257548967259
0.3654360395454553,0.659090350717941,1.2208422381637445
0.3642711558108124,0.6648891949525387,1.460307495814098
