-4.321569035980775,6.594777046718613
0.6472615259252136,0.3875169801769255
0.31734674792435114,0.6641671622783517
0.5006873406029185,0.030739929564568388
-4.321229930876817,6.595090345154427
0.6498502306241498,0.3868857128880996
0.31594699293538464,0.6714220730395651
0.5012495556351204,0.03069589125562548
-4.320890836209335,6.595404627631882
0.6524103281081395,0.38626909111241836
0.31460906027178415,0.6789168450410705
0.501811226522569,0.030651628437674737
-4.320551752495186,6.595719897253012
0.6549429899717223,0.3856665395168939
0.5023723521955671,0.03060714162964622
0.31333333333333346,0.6866666666666665
-4.32021268025402,6.596036157132318
0.6574493144858176,0.38507751986754957
0.5029329315956365,0.030562431353201913
0.3121203803527252,0.6946878339766307
-4.319873620008292,6.596353410396823
0.6599303328649867,0.3845015277934885
0.5034929636755083,0.030517498132708022
0.3109709587083134,0.7029978698172696
-4.319534572283283,6.596671660186145
0.6623870148622701,0.38393808990299727
0.3098860211715563,0.711615657136973
0.5040524473991098,0.03047234249520721
-4.331445394711438,6.607094916823791
0.647831331134,0.38697431935971105
0.3241589827419295,0.6582607018392044
0.505150978802936,0.03094183348522457
-4.331111434898663,6.607412921113754
0.650443726210267,0.38632037533522134
0.3227112735665417,0.6652822929429167
0.5057152307351244,0.030896259519579417
-4.330777490873805,6.607731909114481
0.6530263393914691,0.38568195346800993
0.3213248901754155,0.6725241614508075
0.5062789248994568,0.03085045796008547
-4.3304435631598714,6.608051883903738
0.6555804225924489,0.385058424992427
0.5068420602340831,0.03080442935272963
0.3200000000000001,0.6799999999999998
-4.330109652282653,6.6083728485715785
0.6581071472076894,0.3844492028135937
0.5074046356887456,0.030758174246266954
0.3187369490197603,0.6877244455842355
-4.3297757587707375,6.608694806220393
0.6606076111796079,0.3838537377752117
0.5079666502247657,0.030711693192191226
0.3175362636435593,0.6957131793305309
-4.329441883155526,6.609017759964976
0.6630828452884857,0.38327151534401577
0.3163986543957039,0.703983037458797
0.5085281028150301,0.030664986744705507
-4.341303077191392,6.619378001976478
0.6483731764360338,0.3864239368055349
0.33097122168663046,0.6522997949213342
0.5096229739797822,0.031142984578516424
-4.340974211002871,6.6197006465741355
0.6510104014629945,0.38574646505532406
0.3294753473679,0.6591045073177925
0.510189259740256,0.031095838725137534
-4.340645365824413,6.620024274447077
0.6536165834278171,0.3850854566634883
0.32804050984137817,0.6661115554774095
0.5107549738477555,0.03104846216408448
-4.340316542184807,6.620348888648831
0.6561930627692992,0.38444022359190533
0.5113201152490362,0.031000855469635158
0.32666666666666677,0.6733333333333332
-4.339987740615614,6.620674492245021
0.6587410912584478,0.38381012469929376
0.5118846829028332,0.03095301921887004
0.3253539504830397,0.6807830398994307
-4.339658961651183,6.621001088313432
0.6612618399978822,0.38319456142540814
0.5124486757798458,0.03090495399164093
0.3241026686081298,0.6884747635182551
-4.339330205828661,6.6213286799440665
0.6637564065165078,0.3825929739699543
0.5130120928627219,0.030856660370539697
0.32291330437961835,0.6964235749027882
-4.351142094055805,6.631626378990742
0.6488869179233863,0.38586609682421585
0.3377838487319518,0.64628835300493
0.514103198675842,0.03134337386861981
-4.350818270449019,6.631953599232429
0.6515501892968407,0.3851641858743194
0.3362394733446761,0.6528915227878656
0.5146715155653545,0.03129461880545072
-4.350494472948089,6.632281802212535
0.6541810613256986,0.3844797506426924
0.3347560512270546,0.6596805385666437
0.5152392466459158,0.031245629892337912
-4.3501707020872304,6.632610990960375
0.6567809722554361,0.38381203718115514
0.5158063908736927,0.031196407733149942
0.3333333333333334,0.6666666666666665
-4.34984695840342,6.632941168517181
0.6593512624103717,0.3831603444304455
0.5163729472172343,0.03114695293459025
0.3319712449116618,0.6738618589109441
-4.349523242436406,6.633272337936166
0.6618931832796259,0.38252401921558515
0.5169389146574545,0.03109726610616396
0.33066988289124305,0.681278824406874
-4.349199554728728,6.633604502282578
0.6644079055469239,0.38190245183071475
0.5175042921876138,0.031047347860144688
0.32942951501334927,0.688931108217203
-4.360962456195414,6.643840124752582
0.6493723929945778,0.3853010772113902
0.34459725437238625,0.6402298915235498
0.5185915262068005,0.031542992652851445
-4.360643624742838,6.644171856843689
0.6520630112153948,0.384573749427459
0.3430039126029614,0.6466458587503899
0.5191618719127966,0.03149258991891093
-4.360324824368429,6.644504571038086
0.6547197689606339,0.3838649883352239
0.34147164619429715,0.653232465523566
0.5197316173737505,0.03144195016496497
-4.360006055611487,6.644838270340911
0.657344212818412,0.38317396650963265
0.5203007615560976,0.03139107402584205
0.34000000000000014,0.6599999999999998
-4.359687319014058,6.645172957769046
0.6599377809109293,0.382499916306662
0.5208693034390742,0.03133996213923535
0.3385886950100166,0.666959332363042
-4.3593686151209505,6.645508636351175
0.6625018132535757,0.3818421240425879
0.5214372420146978,0.03128861514566746
0.33723762352467646,0.6741219766474758
-4.359049944479748,6.6458453091278376
0.6650375608755513,0.3811999248782141
0.522004576287747,0.031237033688455172
0.33594684613378406,0.6815001579007135
-4.370764174752191,6.656019316214272
0.6498294181667386,0.38472917098594095
0.35141183881691646,0.6341275693292892
0.5230878306564815,0.03174183250893667
-4.370450285632058,6.656355497215767
0.6525487760174591,0.3839753761977714
0.3497689304614287,0.6403697771643875
0.5236602032681145,0.03168974245378116
-4.37013643244172,6.656692659590188
0.6552326964014649,0.38324132613088935
0.3481874275801989,0.6467685513732055
0.5242319609088091,0.03163741218154255
-4.369822615725231,6.6570308063185495
0.6578828462463395,0.38252611123029034
0.5248031025561811,0.031584842359452456
0.3466666666666668,0.6533333333333332
-4.369508836029376,6.6573699403934326
0.6605007719550793,0.38182888967565426
0.5253736272010825,0.031532033657634066
0.3452061648441631,0.6600740561140469
-4.369195093903691,6.65771006481904
0.6630879112633657,0.38114888058989094
0.5259435338475801,0.03147898674906475
0.3438056127535213,0.6670011984024171
-4.368881389900474,6.658051182611258
0.6656456036377144,0.38048535809406514
0.5265128215129327,0.03142570230953856
0.34246486936845416,0.6741258424878724
-4.3805472611150735,6.66816403038882
0.6502577865677003,0.3841506883777318
0.3582280154109372,0.6279842228865085
0.5275919868715293,0.03193988530280222
-4.380238265102309,6.6685045982040085
0.6530073783200008,0.383369296697671
0.3565347986654457,0.6340653083322663
0.5281663848955112,0.031886067033174044
-4.379929309753014,6.668846146569486
0.6557198272576743,0.3826089244156845
0.5287401529226992,0.031832005323283376
0.3549035302945428,0.6402898859263421
-4.379620395615677,6.669188678442192
0.6583969343540413,0.38186856991907586
0.5293132899428596,0.03177770087428673
0.35333333333333344,0.6466666666666665
-4.379311523241507,6.669532196790461
0.6610403662170428,0.3811473085405299
0.5298857949594492,0.03172315439025577
0.35182351869295314,0.6532047735425718
-4.3790026931844475,6.6698767045940786
0.6636516687173618,0.38044428460718216
0.5304576669895897,0.03166836657813756
0.3503735756139336,0.6599137892925583
-4.378693906001188,6.670222204844336
0.6662322788890356,0.3797587045100831
0.5310289050640433,0.03161333814771483
0.34898316423622805,0.6668038071408584
