-4.320551752495187,6.595719897253012
0.6549429899717224,0.38566653951689395
0.5023723521955671,0.03060714162964622
0.31333333333333346,0.6866666666666665
-4.318856516510747,6.597311161961027
0.667230970954093,0.3828471228050616
0.307914438322227,0.7298577362653285
0.5051697656891174,0.03038136609057102
-4.317161633512043,6.5989275778071725
0.3042229804348245,0.7825081478688832
0.6789730187978656,0.3803112052751998
0.5079533948038537,0.03015007017728753
-4.315467171324952,6.600569546877548
0.3025666264348531,0.8486155741823002
0.6902564444014513,0.3780165936977252
0.5107231183868537,0.029913321693820195
-4.313773199632486,6.602237479491165
0.3035014958919303,0.9347073816463047
0.7011489735954755,0.3759308215141524
0.5134788221992509,0.029671189959720217
-4.32550001255585,6.6018902682822596
0.6552648091967498,0.3853637495249405
0.5046061549129432,0.030705892421423173
0.3166666666666668,0.6833333333333332
-4.3238177397613144,6.6034933343928675
0.6675988326957996,0.3824976313063735
0.3111148107677506,0.7256310557778198
0.5074084934301804,0.03047626232089118
-4.322135887797831,6.605121545660115
0.30726081923352294,0.7769383148927982
0.6793777314694264,0.37992225784819034
0.510196878860758,0.030241075727672085
-4.32045452487575,6.606775302545877
0.30538678963268284,0.8409786468739564
0.690691149923785,0.37759382544697323
0.5129711907338077,0.030000402134582927
-4.318773721058843,6.608455013682252
0.3060040070001001,0.9237555788145004
0.7016084269368172,0.3754787286021822
0.5157313156013767,0.0297543125557071
-4.330443563159872,6.608051883903737
0.6555804225924489,0.385058424992427
0.5068420602340832,0.03080442935272963
0.3200000000000001,0.6799999999999998
-4.328774187754972,6.609666668263009
0.6679614443212587,0.38214489587467415
0.3143164620746407,0.721440005473078
0.5096493181075787,0.030570899899685672
-4.327105300192393,6.61130659113459
0.6797778734148748,0.37952956960398626
0.3103033624845508,0.7714653358469493
0.5124424526100236,0.03033177770518301
-4.325436969054906,6.612972051357409
0.30821885095283724,0.8335485758308482
0.691121780192412,0.3771669640294439
0.5152213439794437,0.030087133987821285
-4.323769264774829,6.614663455878374
0.3085331057441777,0.9132209190050127
0.7020641736333464,0.3750222919081248
0.5179858795876335,0.02983704149277404
-4.335382405850349,6.614204754048254
0.6558898378770508,0.3847505787586586
0.5090800522865563,0.0309027508804543
0.3233333333333335,0.6766666666666665
-4.333725862439012,6.6158311740708475
0.6683188393706961,0.38178890868970383
0.31751928173173083,0.7172829331758988
0.5118922240488607,0.030665276625397867
-4.332069873056904,6.617482725309023
0.6801734932171801,0.3791331205604263
0.3133502844274975,0.7660840627893515
0.5146901005535073,0.030422173252612282
-4.330414506647392,6.619159804980184
0.31106200818383173,0.8263126129529744
0.6915483926252926,0.37673598230435174
0.5174735627750546,0.03017351374440273
-4.328759833999356,6.620862818347909
0.3110868494375483,0.9030730206650318
0.7025162762126388,0.374561480199834
0.5202424989347197,0.02991937261449519
-4.340316542184808,6.62034888864883
0.6561930627692993,0.3844402235919054
0.5113201152490363,0.031000855469635158
0.3266666666666668,0.6733333333333332
-4.3386727657720465,6.621986862313469
0.6686710523304423,0.3814296611210865
0.3207231625236719,0.7131582866173575
0.5141371956363008,0.030759390290600697
-4.337029608760617,6.623649959254868
0.6805646408299298,0.3787328895983382
0.31640127514169114,0.7607897011688668
0.5169398072508412,0.030512259493058958
-4.335387140442886,6.625338575070449
0.3139155121886965,0.8192590244941234
0.6919710461834417,0.37630085186976714
0.5197278318322136,0.03025953786190364
-4.333745431952542,6.6270531133424635
0.31366345983514704,0.8932843703104087
0.7029647987917179,0.37409626096270326
0.5225011584816004,0.030001301717805424
-4.34524597373509,6.626484297640543
0.6564901049886446,0.38412737219003756
0.5135622333512113,0.031098741593440504
0.3300000000000001,0.6699999999999998
-4.343614899723913,6.628133743485544
0.6690181186758096,0.3810671436955356
0.32392800021957,0.7090646064557188
0.5163842173069046,0.030853238681606433
-4.341984509680804,6.6298083040365325
0.6809513676331127,0.37832885441892294
0.31945603917568977,0.7555777809532321
0.5191915573195186,0.03060203352917756
-4.340354873235752,6.631508373272637
0.31677866185274123,0.8123769934120764
0.6923898014280495,0.37586154301946584
0.5219841359229223,0.0303452027635071
-4.338726061855728,6.633234353096906
0.31626130475032055,0.8838299919278787
0.7034098071311089,0.3736266003595386
0.5247618431297052,0.030082824551559074
-4.350170702087232,6.632610990960374
0.6567809722554362,0.3838120371811552
0.5158063908736927,0.031196407733149942
0.3333333333333335,0.6666666666666665
-4.348552266275583,6.63427182807921
0.6693600749162615,0.38070134606226463
0.3271336932797891,0.7050005198762163
0.5186332735524174,0.030946819578064593
-4.346934578202696,6.63595777071132
0.6813337264915327,0.3779209914991036
0.3225142942947949,0.7504441305425426
0.5214453354349821,0.03069149244240329
-4.345317707825014,6.637669211219349
0.31965079957599984,0.8056565328188594
0.6928047205800006,0.37541802469795704
0.5242424598797666,0.03043050483686669
-4.343701726931488,6.639406549829397
0.31887888208626414,0.8746871613893198
0.7038513686909309,0.3731524631889224
0.527024537843136,0.03016393681504438
