0.31734674792435114,0.6641671622783517,0.8816579726662545
0.31594699293538464,0.6714220730395651,0.6079442471083532
0.31460906027178415,0.6789168450410705,0.31460623163817447
0.31333333333333346,0.6866666666666665,4.411502467527787e-15
0.3121203803527252,0.6946878339766307,-0.33769124371298787
0.3109709587083134,0.7029978698172696,-0.7004790891190183
0.3098860211715563,0.711615657136973,-1.0905951531744429
0.3241589827419295,0.6582607018392044,0.836836986261973
0.3227112735665417,0.6652822929429167,0.5764370361965708
0.3213248901754155,0.6725241614508075,0.2979775370032153
0.3200000000000001,0.6799999999999998,4.188224966784383e-15
0.3187369490197603,0.6877244455842355,-0.31910185725212664
0.3175362636435593,0.6957131793305309,-0.6611001490792047
0.3163986543957039,0.703983037458797,-1.0279534783014994
0.33097122168663046,0.6522997949213342,0.7950591928888389
0.3294753473679,0.6591045073177925,0.5471165089268676
0.32804050984137817,0.6661115554774095,0.282529154664647
0.32666666666666677,0.6733333333333332,3.9777536150008004e-15
0.3253539504830397,0.6807830398994307,-0.30189484947976436
0.3241026686081298,0.6884747635182551,-0.6247209560229777
0.32291330437961835,0.6964235749027882,-0.9702025355855218
0.3377838487319518,0.64628835300493,0.7560899941693089
0.3362394733446761,0.6528915227878656,0.5198082645309852
0.3347560512270546,0.6596805385666437,0.2681637227421296
0.3333333333333334,0.6666666666666665,3.779235788819966e-15
0.3319712449116618,0.6738618589109441,-0.285948335375579
0.33066988289124305,0.681278824406874,-0.5910681418137802
0.32942951501334927,0.688931108217203,-0.9168817324527532
0.34459725437238625,0.6402298915235498,0.7197164097506645
0.3430039126029614,0.6466458587503899,0.4943545956564373
0.34147164619429715,0.653232465523566,0.2547935531826474
0.34000000000000014,0.6599999999999998,3.59188789158261e-15
0.3385886950100166,0.666959332363042,-0.27115345480833253
0.33723762352467646,0.6741219766474758,-0.5598986084686911
0.33594684613378406,0.6815001579007135,-0.8675832982361338
0.35141183881691646,0.6341275693292892,0.6857449084908113
0.3497689304614287,0.6403697771643875,0.4706127172835748
0.3481874275801989,0.6467685513732055,0.24233955133923393
0.3466666666666668,0.6533333333333332,3.4149887044566647e-15
0.3452061648441631,0.6600740561140469,-0.2574127770770836
0.3438056127535213,0.6670011984024171,-0.5309956602202472
0.34246486936845416,0.6741258424878724,-0.8219452572850858
0.3582280154109372,0.6279842228865085,0.6539994884950011
0.3565347986654457,0.6340653083322663,0.448453211251499
0.3549035302945428,0.6402898859263421,0.23073027429587778
0.35333333333333344,0.6466666666666665,3.2478734947995483e-15
0.35182351869295314,0.6532047735425718,-0.24463893057123512
0.3503735756139336,0.6599137892925583,-0.5041657049763033
0.34898316423622805,0.6668038071408584,-0.779645478771956
